trn_repetition,7
Sequence id,1,2,3,4,5,6,7
Single sequence prediction:
Letter T,T,T,T,S,T,T,T
Letter H,H,H,H,H,H,B,B
Letter E,E,D,W,B,V,X,E
Letter _,_,4,B,5,T,L,L
Letter Q,!,3,R,K,U,Q,K
Letter U,2,.,U,U,U,C,U
Letter I,.,I,1,I,O,O,I
Letter C,I,V,O,C,.,1,U
Letter K,K,K,E,!,P,L,K
Letter _,!,C,_,P,J,!,5
Letter B,B,A,B,B,M,B,H
Letter R,R,L,X,X,R,R,R
Letter O,N,O,O,O,I,C,O
Letter W,W,P,W,X,W,W,2
Letter N,N,T,S,S,Z,N,B
Letter _,_,5,Q,R,_,_,R
Letter F,R,L,5,F,R,R,L
Letter O,U,O,O,O,P,O,O
Letter X,T,X,L,X,X,W,F
 
Cumulative sequence prediction:
Letter T,T,T,T,T,T,T,T
Letter H,H,H,H,H,H,H,H
Letter E,E,D,E,E,E,E,E
Letter _,_,4,_,_,_,_,_
Letter Q,!,3,Q,Q,Q,Q,Q
Letter U,2,1,U,U,U,U,U
Letter I,.,I,I,I,I,I,I
Letter C,I,J,I,C,C,C,C
Letter K,K,K,K,K,K,K,K
Letter _,!,4,_,B,B,!,_
Letter B,B,D,B,B,B,B,B
Letter R,R,R,R,R,R,R,R
Letter O,N,O,O,O,O,O,O
Letter W,W,P,V,V,W,W,W
Letter N,N,T,N,N,N,N,N
Letter _,_,_,5,_,_,_,_
Letter F,R,F,F,F,F,F,F
Letter O,U,O,O,O,O,O,O
Letter X,T,X,X,X,X,X,X
