trn_repetition,7
Sequence id,1,2,3,4,5,6,7
Single sequence prediction:
Letter T,T,T,T,H,T,T,T
Letter H,H,H,H,H,H,B,Z
Letter E,E,!,E,C,D,D,E
Letter _,_,4,B,_,T,L,L
Letter Q,Q,3,R,W,W,Q,K
Letter U,2,.,U,U,U,I,U
Letter I,I,I,1,I,O,K,I
Letter C,I,V,C,C,C,1,U
Letter K,K,K,E,K,Q,L,K
Letter _,L,1,_,P,.,!,_
Letter B,D,B,B,B,M,B,H
Letter R,R,J,X,R,R,R,R
Letter O,N,O,O,O,I,O,O
Letter W,P,P,W,T,E,W,3
Letter N,N,N,S,N,Z,N,B
Letter _,_,G,Q,_,_,_,B
Letter F,R,F,L,F,F,R,L
Letter O,U,O,O,O,P,O,O
Letter X,X,S,_,X,X,W,1
 
Cumulative sequence prediction:
Letter T,T,T,T,T,T,T,T
Letter H,H,H,H,H,H,H,H
Letter E,E,E,E,E,E,E,E
Letter _,_,4,_,_,_,_,_
Letter Q,Q,Q,Q,Q,Q,Q,Q
Letter U,2,U,U,U,U,U,U
Letter I,I,I,I,I,I,I,I
Letter C,I,J,I,C,C,C,C
Letter K,K,K,K,K,K,K,K
Letter _,L,4,_,B,B,B,B
Letter B,D,D,B,B,B,B,B
Letter R,R,R,R,R,R,R,R
Letter O,N,O,O,O,O,O,O
Letter W,P,P,W,W,W,W,W
Letter N,N,N,N,N,N,N,N
Letter _,_,_,_,_,_,_,_
Letter F,R,F,F,F,F,F,F
Letter O,U,O,O,O,O,O,O
Letter X,X,X,X,X,X,X,X
