trn_repetition,7
Sequence id,1,2,3,4,5,6,7
Single sequence prediction:
Letter T,T,T,T,S,T,T,T
Letter H,H,H,H,I,N,H,B
Letter E,E,D,K,D,Q,F,E
Letter _,B,_,P,5,T,L,L
Letter Q,Q,3,R,3,U,3,W
Letter U,1,U,U,U,U,.,U
Letter I,I,I,O,I,O,O,O
Letter C,I,D,I,C,O,1,C
Letter K,K,K,K,!,J,L,!
Letter _,L,1,P,P,B,!,5
Letter B,D,N,B,B,A,B,B
Letter R,X,4,X,R,R,R,X
Letter O,F,O,O,O,I,O,O
Letter W,W,W,W,U,W,W,3
Letter N,N,Q,N,S,N,N,E
Letter _,_,L,P,_,R,_,P
Letter F,F,F,B,F,D,R,F
Letter O,O,.,O,O,O,O,O
Letter X,X,F,4,X,X,W,1
 
Cumulative sequence prediction:
Letter T,T,T,T,T,T,T,T
Letter H,H,H,H,H,H,H,H
Letter E,E,E,E,E,E,E,E
Letter _,B,_,_,_,_,_,_
Letter Q,Q,Q,Q,Q,Q,Q,W
Letter U,1,1,U,U,U,U,U
Letter I,I,I,I,I,I,I,O
Letter C,I,D,I,C,C,C,C
Letter K,K,K,K,K,K,K,K
Letter _,L,4,_,P,B,B,B
Letter B,D,P,B,B,B,B,B
Letter R,X,L,X,X,R,R,R
Letter O,F,O,O,O,O,O,O
Letter W,W,W,W,W,W,W,W
Letter N,N,N,N,N,N,N,N
Letter _,_,_,_,_,_,_,_
Letter F,F,F,F,F,F,F,F
Letter O,O,O,O,O,O,O,O
Letter X,X,X,X,X,X,X,X
