trn_repetition,7
Sequence id,1,2,3,4,5,6
Single sequence prediction:
Letter T,T,T,S,T,T,T
Letter H,H,H,I,N,H,B
Letter E,D,K,D,P,F,E
Letter _,_,Q,5,T,L,L
Letter Q,Q,R,3,U,3,W
Letter U,U,U,U,U,.,U
Letter I,I,O,I,O,O,O
Letter C,D,I,C,O,1,U
Letter K,K,K,!,J,L,!
Letter _,1,P,P,B,!,5
Letter B,N,B,B,B,B,B
Letter R,4,R,R,R,R,R
Letter O,O,O,O,I,O,O
Letter W,W,W,U,W,W,3
Letter N,Q,N,S,N,N,B
Letter _,L,P,_,4,_,P
Letter F,F,B,F,D,R,F
Letter O,.,O,O,O,O,!
Letter X,F,4,X,X,W,1
 
Cumulative sequence prediction:
Letter T,T,T,T,T,T,T
Letter H,H,H,H,H,H,H
Letter E,D,E,E,E,D,E
Letter _,_,_,_,_,F,F
Letter Q,Q,R,Q,Q,Q,Q
Letter U,U,U,U,U,U,U
Letter I,I,O,I,I,I,O
Letter C,D,C,C,C,C,C
Letter K,K,K,K,K,K,K
Letter _,1,O,P,P,B,B
Letter B,N,N,N,B,B,B
Letter R,4,L,F,R,R,R
Letter O,O,O,O,O,O,O
Letter W,W,W,W,W,W,W
Letter N,Q,N,N,N,N,N
Letter _,L,_,_,_,_,_
Letter F,F,F,F,F,F,F
Letter O,.,O,O,O,O,O
Letter X,F,X,X,X,X,X
