trn_repetition,7
Sequence id,1,2,3,4,5,6,7
Single sequence prediction:
Letter T,T,T,T,B,T,T,T
Letter H,B,H,H,H,N,H,B
Letter E,E,E,E,D,E,F,E
Letter _,B,_,_,_,4,F,L
Letter Q,Q,Q,Q,!,1,Q,W
Letter U,U,U,U,U,U,.,U
Letter I,U,I,I,I,U,I,I
Letter C,C,D,I,C,C,Z,C
Letter K,K,K,K,K,K,I,K
Letter _,4,C,_,P,_,!,_
Letter B,D,B,B,B,A,B,B
Letter R,_,4,X,R,R,R,R
Letter O,O,O,O,O,I,O,O
Letter W,W,W,W,W,W,W,W
Letter N,N,N,N,N,N,N,B
Letter _,_,_,S,_,_,_,P
Letter F,F,X,X,F,F,R,L
Letter O,O,O,O,O,O,O,Q
Letter X,X,X,X,F,X,X,1
 
Cumulative sequence prediction:
Letter T,T,T,T,T,T,T,T
Letter H,B,H,H,H,H,H,H
Letter E,E,E,E,E,E,E,E
Letter _,B,_,_,_,_,_,_
Letter Q,Q,Q,Q,Q,Q,Q,Q
Letter U,U,U,U,U,U,U,U
Letter I,U,I,I,I,I,I,I
Letter C,C,D,C,C,C,C,C
Letter K,K,K,K,K,K,K,K
Letter _,4,4,_,_,_,_,_
Letter B,D,B,B,B,B,B,B
Letter R,_,4,X,R,R,R,R
Letter O,O,O,O,O,O,O,O
Letter W,W,W,W,W,W,W,W
Letter N,N,N,N,N,N,N,N
Letter _,_,_,_,_,_,_,_
Letter F,F,F,X,F,F,F,F
Letter O,O,O,O,O,O,O,O
Letter X,X,X,X,X,X,X,X
