trn_repetition,7
Sequence id,1,2,3,4,5,6,7
Single sequence prediction:
Letter T,T,T,T,B,T,T,T
Letter H,B,H,H,H,N,L,B
Letter E,E,E,E,D,E,F,E
Letter _,B,_,R,_,4,R,L
Letter Q,Q,Q,Q,Q,I,Q,W
Letter U,U,U,U,U,U,.,U
Letter I,C,I,I,I,U,I,I
Letter C,F,D,C,C,.,B,C
Letter K,K,K,K,K,K,I,K
Letter _,4,C,_,P,_,!,_
Letter B,D,B,B,B,B,B,B
Letter R,_,4,X,R,R,R,R
Letter O,O,O,O,O,I,N,O
Letter W,3,W,W,W,W,W,W
Letter N,N,N,N,N,Z,N,B
Letter _,_,L,M,_,_,_,P
Letter F,F,X,X,F,F,R,F
Letter O,O,U,O,O,O,O,Q
Letter X,X,X,X,X,X,X,1
 
Cumulative sequence prediction:
Letter T,T,T,T,T,T,T,T
Letter H,B,H,H,H,H,H,H
Letter E,E,E,E,E,E,E,E
Letter _,B,_,_,_,_,_,_
Letter Q,Q,Q,Q,Q,Q,Q,Q
Letter U,U,U,U,U,U,U,U
Letter I,C,I,I,I,I,I,I
Letter C,F,D,C,C,C,C,C
Letter K,K,K,K,K,K,K,K
Letter _,4,4,_,_,_,_,_
Letter B,D,B,B,B,B,B,B
Letter R,_,4,X,R,R,R,R
Letter O,O,O,O,O,O,O,O
Letter W,3,W,W,W,W,W,W
Letter N,N,N,N,N,N,N,N
Letter _,_,_,_,_,_,_,_
Letter F,F,F,F,F,F,F,F
Letter O,O,O,O,O,O,O,O
Letter X,X,X,X,X,X,X,X
