trn_repetition,7
Sequence id,1,2,3,4,5,6,7
Single sequence prediction:
Letter T,T,T,T,S,T,T,T
Letter H,H,T,N,H,N,B,Z
Letter E,E,B,K,C,P,F,E
Letter _,_,4,B,5,T,L,L
Letter Q,3,3,R,W,W,Q,W
Letter U,Z,.,U,1,U,L,U
Letter I,O,I,1,I,O,O,O
Letter C,I,V,H,C,C,1,U
Letter K,K,K,K,!,P,R,!
Letter _,_,1,.,P,I,!,5
Letter B,D,M,B,B,M,B,B
Letter R,M,2,R,R,R,R,R
Letter O,B,O,O,O,I,C,O
Letter W,V,P,W,X,E,W,Q
Letter N,N,W,S,S,Z,N,B
Letter _,_,H,M,_,Q,_,!
Letter F,R,F,L,E,F,R,L
Letter O,O,M,O,.,P,O,.
Letter X,X,X,_,X,X,W,4
 
Cumulative sequence prediction:
Letter T,T,T,T,T,T,T,T
Letter H,H,H,H,H,H,H,H
Letter E,E,D,E,E,D,D,E
Letter _,_,_,_,_,_,_,_
Letter Q,3,3,Q,Q,W,W,W
Letter U,Z,1,U,U,U,U,U
Letter I,O,I,I,I,I,I,I
Letter C,I,J,I,C,C,C,C
Letter K,K,K,K,K,K,K,K
Letter _,_,4,_,B,B,B,_
Letter B,D,D,B,B,B,B,B
Letter R,M,P,R,R,R,R,R
Letter O,B,C,O,O,O,O,O
Letter W,V,P,V,W,W,W,W
Letter N,N,T,T,N,N,N,N
Letter _,_,_,5,_,_,_,_
Letter F,R,F,F,F,F,F,F
Letter O,O,O,O,O,O,O,O
Letter X,X,X,X,X,X,X,X
