trn_repetition,7
Sequence id,1,2,3,4,5,6,7
Single sequence prediction:
Letter T,T,T,T,S,T,T,T
Letter H,H,T,H,H,N,B,Z
Letter E,E,B,W,C,V,F,E
Letter _,_,4,B,5,T,K,L
Letter Q,!,W,R,K,U,Q,W
Letter U,Z,.,U,U,U,U,U
Letter I,.,I,1,I,O,I,O
Letter C,I,V,I,C,.,C,U
Letter K,K,K,K,!,P,L,K
Letter _,_,C,.,P,J,!,5
Letter B,B,M,B,B,M,E,B
Letter R,R,J,R,X,R,R,R
Letter O,B,O,O,O,I,C,O
Letter W,W,P,W,X,E,W,P
Letter N,N,W,S,M,Z,T,B
Letter _,_,5,Q,_,N,_,!
Letter F,R,F,5,F,F,R,L
Letter O,O,M,O,.,P,O,.
Letter X,X,X,L,X,X,W,R
 
Cumulative sequence prediction:
Letter T,T,T,T,T,T,T,T
Letter H,H,H,H,H,H,H,H
Letter E,E,D,E,E,D,D,E
Letter _,_,4,_,_,_,_,_
Letter Q,!,W,Q,Q,W,W,W
Letter U,Z,1,U,U,U,U,U
Letter I,.,I,I,I,I,I,I
Letter C,I,J,I,C,C,C,C
Letter K,K,K,K,K,K,K,K
Letter _,_,_,_,B,B,B,_
Letter B,B,D,B,B,B,B,B
Letter R,R,P,R,R,R,R,R
Letter O,B,O,O,O,O,O,O
Letter W,W,P,V,V,W,W,W
Letter N,N,T,N,N,N,N,N
Letter _,_,5,5,_,_,_,_
Letter F,R,F,L,F,F,F,F
Letter O,O,O,O,O,O,O,O
Letter X,X,X,X,X,X,X,X
