trn_repetition,7
Sequence id,1,2,3,4,5,6,7
Single sequence prediction:
Letter T,T,T,T,T,T,T,T
Letter H,H,H,H,H,H,H,H
Letter E,E,E,E,E,E,E,E
Letter _,_,_,_,_,_,_,_
Letter Q,Q,Q,Q,Q,Q,Q,Q
Letter U,U,U,U,U,U,U,U
Letter I,I,I,I,I,I,I,I
Letter C,C,C,C,C,C,C,C
Letter K,K,K,K,K,K,K,K
Letter _,_,_,_,_,_,_,_
Letter B,B,B,B,B,B,B,B
Letter R,R,R,R,R,R,R,R
Letter O,O,O,O,O,O,O,O
Letter W,W,W,W,W,W,W,W
Letter N,N,N,N,N,N,N,N
Letter _,_,_,_,_,_,_,_
Letter F,F,F,F,F,F,F,F
Letter O,O,O,O,O,O,O,O
Letter X,X,X,X,X,X,X,X
 
Cumulative sequence prediction:
Letter T,T,T,T,T,T,T,T
Letter H,H,H,H,H,H,H,H
Letter E,E,E,E,E,E,E,E
Letter _,_,_,_,_,_,_,_
Letter Q,Q,Q,Q,Q,Q,Q,Q
Letter U,U,U,U,U,U,U,U
Letter I,I,I,I,I,I,I,I
Letter C,C,C,C,C,C,C,C
Letter K,K,K,K,K,K,K,K
Letter _,_,_,_,_,_,_,_
Letter B,B,B,B,B,B,B,B
Letter R,R,R,R,R,R,R,R
Letter O,O,O,O,O,O,O,O
Letter W,W,W,W,W,W,W,W
Letter N,N,N,N,N,N,N,N
Letter _,_,_,_,_,_,_,_
Letter F,F,F,F,F,F,F,F
Letter O,O,O,O,O,O,O,O
Letter X,X,X,X,X,X,X,X
