trn_repetition,7
Sequence id,1,2,3,4,5,6,7
Single sequence prediction:
Letter T,T,T,T,S,T,T,T
Letter H,H,H,H,H,N,H,H
Letter E,E,D,W,D,Q,F,E
Letter _,B,_,_,5,X,F,L
Letter Q,W,Q,R,3,U,3,W
Letter U,1,U,U,U,U,.,U
Letter I,I,I,O,I,O,I,O
Letter C,C,D,B,C,.,1,C
Letter K,K,K,K,!,K,L,K
Letter _,L,1,B,P,4,!,_
Letter B,D,N,B,B,A,F,B
Letter R,X,L,X,R,R,R,R
Letter O,C,O,O,O,I,N,O
Letter W,W,W,W,1,W,W,W
Letter N,N,Q,N,N,N,N,S
Letter _,_,_,P,_,_,_,P
Letter F,R,L,F,F,F,R,F
Letter O,O,.,O,O,O,O,!
Letter X,X,F,F,X,X,W,1
 
Cumulative sequence prediction:
Letter T,T,T,T,T,T,T,T
Letter H,H,H,H,H,H,H,H
Letter E,E,E,E,E,E,E,E
Letter _,B,_,_,_,_,_,_
Letter Q,W,Q,Q,Q,Q,Q,Q
Letter U,1,U,U,U,U,U,U
Letter I,I,I,I,I,I,I,I
Letter C,C,D,C,C,C,C,C
Letter K,K,K,K,K,K,K,K
Letter _,L,4,4,P,2,B,B
Letter B,D,B,B,B,B,B,B
Letter R,X,X,X,R,R,R,R
Letter O,C,O,O,O,O,O,O
Letter W,W,W,W,W,W,W,W
Letter N,N,N,N,N,N,N,N
Letter _,_,_,_,_,_,_,_
Letter F,R,R,R,F,F,F,F
Letter O,O,O,O,O,O,O,O
Letter X,X,X,X,X,X,X,X
