trn_repetition,7
Sequence id,1,2,3,4,5,6,7
Single sequence prediction:
Letter T,T,T,T,S,T,T,T
Letter H,H,H,H,H,H,H,B
Letter E,K,E,E,Q,E,F,E
Letter _,B,_,_,_,4,L,L
Letter Q,W,Q,Q,Q,Y,Q,Q
Letter U,U,U,U,U,U,I,U
Letter I,I,I,I,I,I,I,I
Letter C,C,E,C,C,.,C,C
Letter K,K,K,K,K,K,I,K
Letter _,4,_,_,B,B,_,_
Letter B,B,B,B,B,A,B,B
Letter R,R,4,R,R,R,R,R
Letter O,O,O,O,O,I,O,O
Letter W,3,W,W,W,W,W,W
Letter N,N,N,N,N,N,N,B
Letter _,_,_,5,_,_,_,B
Letter F,F,X,F,F,F,F,F
Letter O,O,O,O,O,O,O,U
Letter X,X,X,X,F,X,W,X
 
Cumulative sequence prediction:
Letter T,T,T,T,T,T,T,T
Letter H,H,H,H,H,H,H,H
Letter E,K,E,E,E,E,E,E
Letter _,B,_,_,_,_,_,_
Letter Q,W,Q,Q,Q,Q,Q,Q
Letter U,U,U,U,U,U,U,U
Letter I,I,I,I,I,I,I,I
Letter C,C,C,C,C,C,C,C
Letter K,K,K,K,K,K,K,K
Letter _,4,_,_,_,_,_,_
Letter B,B,B,B,B,B,B,B
Letter R,R,4,R,R,R,R,R
Letter O,O,O,O,O,O,O,O
Letter W,3,W,W,W,W,W,W
Letter N,N,N,N,N,N,N,N
Letter _,_,_,_,_,_,_,_
Letter F,F,F,F,F,F,F,F
Letter O,O,O,O,O,O,O,O
Letter X,X,X,X,X,X,X,X
