trn_repetition,7
Sequence id,1,2,3,4,5,6
Single sequence prediction:
Letter T,T,T,S,T,T,T
Letter H,H,H,H,H,H,B
Letter E,E,E,Q,E,F,E
Letter _,_,_,_,4,L,L
Letter Q,Q,Q,Q,Y,Q,Q
Letter U,U,U,U,U,I,U
Letter I,I,I,I,I,I,I
Letter C,E,C,C,.,C,C
Letter K,K,K,K,K,I,K
Letter _,_,_,B,B,_,_
Letter B,B,B,B,A,B,B
Letter R,4,R,R,R,R,R
Letter O,O,O,O,I,O,O
Letter W,W,W,W,W,W,W
Letter N,N,N,N,N,N,B
Letter _,_,5,_,_,_,B
Letter F,X,F,F,F,F,F
Letter O,O,O,O,O,O,U
Letter X,X,X,F,X,W,X
 
Cumulative sequence prediction:
Letter T,T,T,T,T,T,T
Letter H,H,H,H,H,H,H
Letter E,E,E,E,E,E,E
Letter _,_,_,_,_,_,_
Letter Q,Q,Q,Q,Q,Q,Q
Letter U,U,U,U,U,U,U
Letter I,I,I,I,I,I,I
Letter C,E,C,C,C,C,C
Letter K,K,K,K,K,K,K
Letter _,_,_,_,_,_,_
Letter B,B,B,B,B,B,B
Letter R,4,R,R,R,R,R
Letter O,O,O,O,O,O,O
Letter W,W,W,W,W,W,W
Letter N,N,N,N,N,N,N
Letter _,_,_,_,_,_,_
Letter F,X,X,F,F,F,F
Letter O,O,O,O,O,O,O
Letter X,X,X,X,X,X,X
