trn_repetition,7
Sequence id,1,2,3,4,5,6,7
Single sequence prediction:
Letter T,X,T,T,S,T,T,T
Letter H,H,T,H,H,H,B,Z
Letter E,E,B,K,C,V,F,E
Letter _,_,4,B,5,T,K,L
Letter Q,!,3,R,K,W,3,W
Letter U,Z,.,U,U,U,U,U
Letter I,.,I,1,I,O,O,O
Letter C,I,V,I,C,.,C,U
Letter K,K,K,E,!,J,R,K
Letter _,_,C,.,P,J,!,5
Letter B,D,M,B,B,M,E,B
Letter R,R,J,X,X,R,R,R
Letter O,B,O,O,O,I,C,O
Letter W,W,P,W,T,E,W,2
Letter N,N,W,N,M,Z,T,B
Letter _,_,5,Q,_,N,_,!
Letter F,R,F,_,F,R,R,L
Letter O,O,M,O,.,P,O,.
Letter X,X,X,L,X,X,W,R
 
Cumulative sequence prediction:
Letter T,X,T,T,T,T,T,T
Letter H,H,H,H,H,H,H,H
Letter E,E,D,E,E,E,E,E
Letter _,_,4,_,_,_,_,_
Letter Q,!,3,R,Q,W,Q,W
Letter U,Z,1,U,U,U,U,U
Letter I,.,I,I,I,I,I,I
Letter C,I,J,I,C,C,C,C
Letter K,K,K,K,K,K,K,K
Letter _,_,_,_,B,B,B,_
Letter B,D,D,B,B,B,B,B
Letter R,R,R,R,R,R,R,R
Letter O,B,O,O,O,O,O,O
Letter W,W,P,V,V,W,W,W
Letter N,N,T,N,N,N,N,N
Letter _,_,_,5,_,_,_,_
Letter F,R,F,L,F,F,F,F
Letter O,O,O,O,O,O,O,O
Letter X,X,X,X,X,X,X,X
