trn_repetition,7
Sequence id,1,2,3,4,5,6,7
Single sequence prediction:
Letter T,T,T,T,T,T,T,T
Letter H,H,H,H,I,N,H,H
Letter E,E,E,K,D,Q,F,E
Letter _,_,_,_,5,X,L,L
Letter Q,Q,Q,R,Q,Q,3,Q
Letter U,U,U,U,U,U,U,U
Letter I,I,I,I,I,O,O,I
Letter C,C,D,C,C,C,1,C
Letter K,K,K,K,K,J,L,K
Letter _,L,1,.,P,B,!,5
Letter B,D,B,B,B,B,B,B
Letter R,R,R,R,R,R,R,R
Letter O,O,O,O,O,O,O,O
Letter W,W,W,W,W,W,W,3
Letter N,N,N,N,N,N,N,B
Letter _,_,_,_,_,N,_,_
Letter F,F,F,F,F,F,_,F
Letter O,O,O,O,O,O,O,O
Letter X,X,X,4,X,X,W,4
 
Cumulative sequence prediction:
Letter T,T,T,T,T,T,T,T
Letter H,H,H,H,H,H,H,H
Letter E,E,E,E,E,E,E,E
Letter _,_,_,_,_,_,_,_
Letter Q,Q,Q,Q,Q,Q,Q,Q
Letter U,U,U,U,U,U,U,U
Letter I,I,I,I,I,I,I,I
Letter C,C,D,C,C,C,C,C
Letter K,K,K,K,K,K,K,K
Letter _,L,4,_,_,_,!,_
Letter B,D,B,B,B,B,B,B
Letter R,R,R,R,R,R,R,R
Letter O,O,O,O,O,O,O,O
Letter W,W,W,W,W,W,W,W
Letter N,N,N,N,N,N,N,N
Letter _,_,_,_,_,_,_,_
Letter F,F,F,F,F,F,F,F
Letter O,O,O,O,O,O,O,O
Letter X,X,X,X,X,X,X,X
