trn_repetition,7
Sequence id,1,2,3,4,5,6,7
Single sequence prediction:
Letter T,T,T,T,S,T,T,T
Letter H,H,H,H,H,N,B,B
Letter E,E,B,K,C,P,F,E
Letter _,_,4,B,_,T,L,L
Letter Q,3,3,R,W,W,Q,K
Letter U,Z,.,U,U,U,C,U
Letter I,O,I,1,I,O,O,I
Letter C,I,V,I,C,C,C,U
Letter K,K,K,K,!,P,L,!
Letter _,4,1,.,P,B,!,5
Letter B,D,A,B,B,M,B,B
Letter R,R,L,X,R,R,R,R
Letter O,B,O,O,O,I,C,O
Letter W,P,P,W,X,E,W,3
Letter N,N,W,S,N,Z,N,B
Letter _,_,G,Q,_,_,_,_
Letter F,R,F,L,F,F,R,L
Letter O,O,M,O,O,P,O,.
Letter X,X,X,_,X,X,W,1
 
Cumulative sequence prediction:
Letter T,T,T,T,T,T,T,T
Letter H,H,H,H,H,H,H,H
Letter E,E,E,E,E,E,E,E
Letter _,_,_,_,_,_,_,_
Letter Q,3,3,Q,Q,W,Q,W
Letter U,Z,1,U,U,U,U,U
Letter I,O,I,I,I,I,I,I
Letter C,I,J,I,C,C,C,C
Letter K,K,K,K,K,K,K,K
Letter _,4,4,_,B,B,B,_
Letter B,D,D,B,B,B,B,B
Letter R,R,R,R,R,R,R,R
Letter O,B,O,O,O,O,O,O
Letter W,P,P,W,W,W,W,W
Letter N,N,T,T,N,N,N,N
Letter _,_,_,_,_,_,_,_
Letter F,R,F,F,F,F,F,F
Letter O,O,O,O,O,O,O,O
Letter X,X,X,X,X,X,X,X
