trn_repetition,7
Sequence id,1,2,3,4,5,6,7
Single sequence prediction:
Letter T,T,T,T,S,T,T,T
Letter H,H,T,H,H,H,B,B
Letter E,E,D,W,C,V,F,E
Letter _,_,4,B,5,T,L,L
Letter Q,!,W,R,K,U,3,K
Letter U,Z,.,U,U,U,C,U
Letter I,.,I,1,I,O,1,O
Letter C,I,V,I,C,C,C,U
Letter K,K,K,K,!,J,L,K
Letter _,!,C,_,P,J,!,5
Letter B,B,A,B,B,M,E,H
Letter R,R,J,R,X,R,R,R
Letter O,B,O,O,O,I,C,O
Letter W,W,P,W,X,W,W,2
Letter N,N,W,S,M,Z,N,B
Letter _,_,5,Q,_,N,_,_
Letter F,R,F,5,F,R,R,L
Letter O,O,M,O,.,P,O,.
Letter X,X,X,L,X,X,W,R
 
Cumulative sequence prediction:
Letter T,T,T,T,T,T,T,T
Letter H,H,H,H,H,H,H,H
Letter E,E,D,E,E,E,D,E
Letter _,_,4,_,_,_,_,_
Letter Q,!,Q,Q,Q,W,Q,W
Letter U,Z,1,U,U,U,U,U
Letter I,.,I,I,I,I,I,I
Letter C,I,J,I,C,C,C,C
Letter K,K,K,K,K,K,K,K
Letter _,!,!,_,B,B,B,!
Letter B,B,D,B,B,B,B,B
Letter R,R,R,R,R,R,R,R
Letter O,B,N,O,O,O,O,O
Letter W,W,P,V,V,W,W,W
Letter N,N,T,N,N,N,N,N
Letter _,_,5,5,_,_,_,_
Letter F,R,F,F,F,F,F,F
Letter O,O,O,O,O,O,O,O
Letter X,X,X,X,X,X,X,X
