trn_repetition,7
Sequence id,1,2,3,4,5,6,7
Single sequence prediction:
Letter T,T,T,T,S,T,T,T
Letter H,H,H,H,H,N,N,H
Letter E,E,D,K,D,Q,F,E
Letter _,B,_,_,5,X,F,L
Letter Q,W,Q,R,3,I,Q,W
Letter U,1,U,U,U,U,.,U
Letter I,I,I,O,I,O,O,O
Letter C,C,D,C,C,.,1,U
Letter K,K,K,K,!,J,L,K
Letter _,L,1,B,P,B,!,_
Letter B,D,N,B,B,B,B,B
Letter R,X,4,L,R,R,X,R
Letter O,B,P,O,O,I,O,O
Letter W,W,W,W,U,W,W,Q
Letter N,N,Q,N,N,N,N,B
Letter _,_,L,P,_,_,_,P
Letter F,R,L,B,F,F,R,F
Letter O,O,.,O,O,O,O,.
Letter X,X,F,R,X,X,W,1
 
Cumulative sequence prediction:
Letter T,T,T,T,T,T,T,T
Letter H,H,H,H,H,H,H,H
Letter E,E,E,E,E,E,E,E
Letter _,B,_,_,_,_,_,_
Letter Q,W,Q,Q,Q,Q,Q,Q
Letter U,1,U,U,U,U,U,U
Letter I,I,I,I,I,I,I,I
Letter C,C,D,C,C,C,C,C
Letter K,K,K,K,K,K,K,K
Letter _,L,4,_,P,B,B,B
Letter B,D,N,B,B,B,B,B
Letter R,X,4,L,R,R,R,R
Letter O,B,O,O,O,O,O,O
Letter W,W,W,W,W,W,W,W
Letter N,N,N,N,N,N,N,N
Letter _,_,_,_,_,_,_,_
Letter F,R,R,F,F,F,F,F
Letter O,O,O,O,O,O,O,O
Letter X,X,X,X,X,X,X,X
