trn_repetition,7
Sequence id,1,2,3,4,5,6,7
Single sequence prediction:
Letter T,B,T,T,B,T,T,T
Letter H,H,H,H,H,N,H,B
Letter E,E,E,K,D,Q,F,E
Letter _,_,X,_,_,4,F,L
Letter Q,Q,Q,Q,3,3,Q,W
Letter U,U,U,U,U,U,I,U
Letter I,I,I,I,I,U,I,I
Letter C,C,D,1,C,.,B,C
Letter K,K,K,K,!,K,I,K
Letter _,L,1,_,P,_,!,_
Letter B,D,B,B,B,B,B,B
Letter R,R,4,X,R,R,R,R
Letter O,N,O,O,O,I,O,O
Letter W,W,W,W,W,W,W,W
Letter N,N,N,N,N,N,N,B
Letter _,_,L,P,_,_,_,P
Letter F,F,X,F,F,F,R,F
Letter O,O,O,O,O,O,O,O
Letter X,X,X,X,F,X,X,1
 
Cumulative sequence prediction:
Letter T,B,T,T,T,T,T,T
Letter H,H,H,H,H,H,H,H
Letter E,E,E,E,E,E,E,E
Letter _,_,_,_,_,_,_,_
Letter Q,Q,Q,Q,Q,Q,Q,Q
Letter U,U,U,U,U,U,U,U
Letter I,I,I,I,I,I,I,I
Letter C,C,D,C,C,C,C,C
Letter K,K,K,K,K,K,K,K
Letter _,L,4,_,_,_,_,_
Letter B,D,B,B,B,B,B,B
Letter R,R,4,X,R,R,R,R
Letter O,N,O,O,O,O,O,O
Letter W,W,W,W,W,W,W,W
Letter N,N,N,N,N,N,N,N
Letter _,_,_,_,_,_,_,_
Letter F,F,X,X,F,F,F,F
Letter O,O,O,O,O,O,O,O
Letter X,X,X,X,X,X,X,X
