trn_repetition,7
Sequence id,1,2,3,4,5,6,7
Single sequence prediction:
Letter T,T,T,T,S,T,T,T
Letter H,H,H,H,H,H,H,B
Letter E,K,E,E,C,W,D,E
Letter _,B,4,B,_,T,4,4
Letter Q,E,Q,Q,W,U,Q,K
Letter U,Z,U,U,U,U,I,U
Letter I,O,I,I,I,1,Q,I
Letter C,I,D,C,C,C,1,U
Letter K,K,K,K,K,P,R,Q
Letter _,4,C,_,P,B,!,_
Letter B,D,A,B,B,A,B,B
Letter R,R,L,R,R,R,R,R
Letter O,N,O,O,O,I,O,O
Letter W,W,W,W,K,E,W,3
Letter N,N,N,S,N,Z,N,B
Letter _,_,5,M,R,_,_,R
Letter F,F,F,C,F,F,Q,L
Letter O,O,O,O,O,P,O,Q
Letter X,U,X,L,X,X,W,X
 
Cumulative sequence prediction:
Letter T,T,T,T,T,T,T,T
Letter H,H,H,H,H,H,H,H
Letter E,K,E,E,E,E,E,E
Letter _,B,_,_,_,_,_,_
Letter Q,E,Q,Q,Q,Q,Q,Q
Letter U,Z,U,U,U,U,U,U
Letter I,O,I,I,I,I,I,I
Letter C,I,J,I,C,C,C,C
Letter K,K,K,K,K,K,K,K
Letter _,4,4,_,_,B,B,_
Letter B,D,B,B,B,B,B,B
Letter R,R,R,R,R,R,R,R
Letter O,N,O,O,O,O,O,O
Letter W,W,W,W,W,W,W,W
Letter N,N,N,N,N,N,N,N
Letter _,_,_,_,_,_,_,_
Letter F,F,F,F,F,F,F,F
Letter O,O,O,O,O,O,O,O
Letter X,U,X,X,X,X,X,X
