trn_repetition,7
Sequence id,1,2,3,4,5,6,7
Single sequence prediction:
Letter T,B,T,T,S,T,T,T
Letter H,H,H,H,H,H,F,B
Letter E,K,E,K,C,E,F,E
Letter _,B,4,B,_,T,F,L
Letter Q,Q,Q,Q,W,W,Q,K
Letter U,U,U,U,U,U,1,U
Letter I,I,I,I,I,O,I,I
Letter C,C,D,C,C,C,C,C
Letter K,K,K,K,K,Q,L,!
Letter _,4,1,_,P,B,_,_
Letter B,D,B,B,B,M,B,B
Letter R,R,4,_,R,R,R,R
Letter O,O,O,O,O,I,O,O
Letter W,W,W,W,W,E,W,W
Letter N,T,N,S,S,Z,N,B
Letter _,_,_,N,R,_,_,B
Letter F,F,L,F,F,F,R,L
Letter O,O,O,O,O,O,O,O
Letter X,X,F,X,X,X,X,4
 
Cumulative sequence prediction:
Letter T,B,T,T,T,T,T,T
Letter H,H,H,H,H,H,H,H
Letter E,K,E,E,E,E,E,E
Letter _,B,_,_,_,_,_,_
Letter Q,Q,Q,Q,Q,Q,Q,Q
Letter U,U,U,U,U,U,U,U
Letter I,I,I,I,I,I,I,I
Letter C,C,D,C,C,C,C,C
Letter K,K,K,K,K,K,K,K
Letter _,4,4,_,_,_,_,_
Letter B,D,B,B,B,B,B,B
Letter R,R,R,R,R,R,R,R
Letter O,O,O,O,O,O,O,O
Letter W,W,W,W,W,W,W,W
Letter N,T,N,N,N,N,N,N
Letter _,_,_,_,_,_,_,_
Letter F,F,F,F,F,F,F,F
Letter O,O,O,O,O,O,O,O
Letter X,X,X,X,X,X,X,X
