trn_repetition,7
Sequence id,1,2,3,4,5,6,7
Single sequence prediction:
Letter T,T,T,T,S,T,T,T
Letter H,H,H,H,I,N,H,B
Letter E,E,D,K,D,Q,F,E
Letter _,B,_,Q,5,X,F,L
Letter Q,Q,Q,R,3,U,3,W
Letter U,1,U,U,U,U,.,U
Letter I,O,I,O,I,O,I,O
Letter C,C,D,I,C,C,1,C
Letter K,K,K,K,!,J,L,K
Letter _,L,1,B,P,B,!,5
Letter B,D,N,B,B,B,B,B
Letter R,T,L,R,R,R,R,R
Letter O,F,O,O,O,I,O,O
Letter W,W,W,W,U,W,W,Q
Letter N,N,Q,N,N,N,N,B
Letter _,_,_,P,_,R,_,P
Letter F,F,F,B,F,D,R,F
Letter O,O,.,O,O,O,O,!
Letter X,X,D,4,X,X,W,1
 
Cumulative sequence prediction:
Letter T,T,T,T,T,T,T,T
Letter H,H,H,H,H,H,H,H
Letter E,E,D,E,E,E,E,E
Letter _,B,_,_,_,_,_,_
Letter Q,Q,Q,Q,Q,Q,Q,W
Letter U,1,1,U,U,U,U,U
Letter I,O,I,I,I,I,I,I
Letter C,C,D,C,C,C,C,C
Letter K,K,K,K,K,K,K,K
Letter _,L,L,_,P,P,!,!
Letter B,D,D,B,B,B,B,B
Letter R,T,X,X,R,R,R,R
Letter O,F,O,O,O,O,O,O
Letter W,W,W,W,W,W,W,W
Letter N,N,N,N,N,N,N,N
Letter _,_,_,_,_,_,_,_
Letter F,F,F,F,F,F,F,F
Letter O,O,O,O,O,O,O,O
Letter X,X,X,X,X,X,X,X
