trn_repetition,7
Sequence id,1,2,3,4,5,6,7
Single sequence prediction:
Letter T,T,T,T,S,T,T,T
Letter H,H,H,H,H,H,H,H
Letter E,E,E,E,D,E,F,E
Letter _,_,_,_,_,X,_,_
Letter Q,Q,Q,Q,Q,Q,Q,Q
Letter U,U,U,U,U,U,I,U
Letter I,I,I,I,I,I,I,I
Letter C,C,C,C,C,C,C,C
Letter K,K,K,K,K,K,K,K
Letter _,L,F,_,B,_,!,_
Letter B,B,B,B,B,B,B,B
Letter R,R,R,X,R,R,R,R
Letter O,O,O,O,O,O,O,O
Letter W,V,W,W,W,W,W,W
Letter N,N,N,N,S,N,N,B
Letter _,_,_,_,_,_,_,_
Letter F,F,F,F,F,F,R,F
Letter O,O,O,O,O,O,O,O
Letter X,X,X,X,X,X,W,4
 
Cumulative sequence prediction:
Letter T,T,T,T,T,T,T,T
Letter H,H,H,H,H,H,H,H
Letter E,E,E,E,E,E,E,E
Letter _,_,_,_,_,_,_,_
Letter Q,Q,Q,Q,Q,Q,Q,Q
Letter U,U,U,U,U,U,U,U
Letter I,I,I,I,I,I,I,I
Letter C,C,C,C,C,C,C,C
Letter K,K,K,K,K,K,K,K
Letter _,L,_,_,_,_,_,_
Letter B,B,B,B,B,B,B,B
Letter R,R,R,R,R,R,R,R
Letter O,O,O,O,O,O,O,O
Letter W,V,W,W,W,W,W,W
Letter N,N,N,N,N,N,N,N
Letter _,_,_,_,_,_,_,_
Letter F,F,F,F,F,F,F,F
Letter O,O,O,O,O,O,O,O
Letter X,X,X,X,X,X,X,X
